"Y","X"
124089.682382522,32.5371245155111
85976.3813817286,-18.5541775543243
92929.1791520762,13.7155570322648
97655.1348935866,-9.58777242340147
103286.938604819,13.9389382908121
118116.109304964,-5.24240587837994
101393.940075828,-13.747833063826
132298.370441375,28.3723520580679
164880.206192329,48.1285156682134
135514.304560415,-27.7004214702174
110855.352535838,16.5013206889853
93951.5667476041,-24.7245367616415
204619.306272994,-42.5491306465119
101447.313196138,22.7674813242629
168458.94731895,35.6533709680662
86878.5701082773,-11.5782325621694
131582.113563525,-47.2847831202671
94139.0917656725,-9.57675271201879
132086.362821032,6.52211580891162
199736.621290468,40.2339507127181
98696.0831940806,-4.40440229140222
196621.773409989,45.2632530126721
151296.421678657,-44.6069593308493
131446.63178886,-21.757637290284
136466.63137397,25.4974353592843
144527.680147535,43.1195713113993
166384.623266509,48.2499380828813
129547.121948494,5.78807403799146
104406.383154481,-7.22977581899613
111997.745059053,-28.3668029820547
178452.306240798,-44.3847205024213
144363.639414826,-24.542028689757
144844.745225164,-21.318020997569
159963.117799109,-41.7734407586977
149559.553749036,35.6559866806492
83779.8767030303,-4.058275395073
130113.047772062,37.9914910765365
152896.761013534,43.3134161168709
103897.543541556,-1.70111507177353
183413.854119199,45.1510984450579
188672.097688924,-42.9147356655449
134221.022896307,-33.3881350466982
86119.5181173937,0.430514779873192
177204.023835127,-42.5157676683739
117539.226323917,-22.6304411422461
80002.880060089,-3.61396218650043
73821.7421957392,6.04194169864058
173543.901201561,-42.7623173221946
98716.8855432485,-11.0250406898558
139367.177546816,40.0925592286512
150559.32294819,-41.148228617385
118274.987184466,-20.7614006707445
90974.0331094189,-4.07025450840592
64203.2346727537,-16.6991020552814
89099.1095588013,-21.0822212975472
168999.189497204,46.9344564480707
155656.408410568,-44.6725489804521
110320.793963836,-19.5032052462921
125626.151928811,-34.5590479671955
161937.015598021,-44.0367314964533
109063.633575963,2.72857318632305
171916.493255966,46.2907827692106
174604.770761663,49.452055268921
163317.515020915,-33.5787531221285
157256.231198782,-44.8825677391142
99591.6549305057,2.28865591343492
179258.035166779,45.964821963571
129887.446661445,-18.4845253592357
162116.084194453,46.0776260355487
90210.3540184835,-6.91806750837713
193388.983233191,-48.0365257477388
163243.662071408,43.9723701914772
180601.131458546,-42.2356435563415
155393.98071389,33.8235590374097
148532.02650601,-40.8376417588443
166296.020396082,-35.8520080335438
125523.905485134,-21.6130438726395
141093.090728185,38.3939130231738
150632.110235168,37.0751913636923
135220.035691695,30.459822062403
112615.316137483,17.1731767477468
99211.1198147297,-9.267767961137
143019.964692794,13.1550156511366
123794.805453147,29.1112309787422
122534.306139746,26.8602510448545
133968.657212614,34.4701242633164
129770.873131283,-23.9401194732636
153407.759219218,-33.1893184222281
114193.218831998,-17.789102694951
98868.1813308135,-8.12625035177916
169195.02155805,43.8555737258866
121918.684307326,11.7286136606708
210068.140252676,47.9891857365146
162401.886375633,-49.233432020992
191659.9917236,-38.615732640028
108529.360200036,-10.343824676238
137594.151472606,36.2223472911865
89581.1542907437,11.9737763423473
131418.742719973,-20.8033417584375
103406.684727484,-14.2773114843294
100627.155229912,18.431869125925
84705.0837372313,-4.30450215935707
117511.752224028,37.0228524552658
143170.888785921,34.1659361263737
145960.028385671,-21.7326565645635
164183.994680397,37.2291325358674
109366.502066057,-17.6088334061205
154615.580720854,-37.1949477819726
129812.124698052,16.7060597799718
160148.404524644,44.5223528426141
120221.526790623,7.87048728670925
134224.848619804,-44.0419659018517
133520.247946689,31.6084836376831
116659.27994452,-16.6045592864975
184323.066662596,-41.9625192414969
157593.219164934,47.7919441880658
103125.636225448,-31.00451012142
116919.627929473,-1.75001693423837
93566.9964886309,-11.2040546024218
99643.8092439459,12.1167181525379
151166.348585829,22.0661708619446
103232.651352817,-13.6161736445501
94871.9645314527,26.4648405369371
103350.798438857,-18.457397678867
87446.5654959371,6.52249606791884
86782.5841999564,26.1431162944064
130808.464366998,-39.2971714958549
137678.354729846,37.8862773999572
180113.287731748,48.9426077576354
168128.543111941,38.0854945629835
166168.961407387,48.3437926508486
147917.613934446,24.7875463915989
108088.476759559,4.03730755206198
161883.115372525,38.2117977365851
169771.583252117,-38.0881897872314
132830.887107292,23.6797983990982
178824.928220484,-44.9817604850978
128526.433922566,-25.0996733549982
99903.0865840277,-9.71914594992995
64957.9190953195,-3.58629357069731
121304.693705551,27.9053400736302
136853.247880747,35.3421289939433
89348.747216252,20.2928274404258
182597.822923493,-38.9090319396928
112750.223452822,10.922404541634
167135.736814993,-44.0186081919819
130760.439923665,-31.4747373806313
118374.193025935,-18.8383343163878
134859.022929229,36.0865745227784
128743.614592685,35.1614524843171
128429.080922895,-41.0141973290592
162498.484051739,-47.8453093208373
141221.758686056,-7.47255370952189
104145.492769391,-9.7474924987182
116817.003875455,7.93626711238176
103454.497274311,11.8081192485988
93035.3810649212,12.2157078236341
81673.8955558899,-18.5111829545349
115905.397349659,-3.62523659132421
193009.348553939,43.7577785458416
134592.159921556,37.2675475431606
117650.107235117,-25.6841629976407
119741.917200925,-20.3406879911199
66824.1775358511,-9.07016561832279
83283.5383468622,-0.408777152188122
111454.676277919,5.17573561519384
140203.839867191,27.7335559017956
102250.046829771,-9.76050703320652
140238.952687844,-39.9296801304445
119466.932234177,8.5683009121567
100906.080282485,-2.66598775051534
138690.291556138,1.0497369337827
172228.273706878,26.8576394300908
205071.913362547,-43.1228344794363
117466.143359263,12.2741036117077
99733.5186790455,-28.4938474884257
142830.759829825,-39.2882974585518
191571.129201327,48.4241850441322
90696.8244284517,-8.22531417943537
102346.164098668,-30.3687242325395
96920.6029293473,-22.2691944334656
127272.043234257,5.98199861124158
113124.174528658,23.4035934787244
137423.20623925,20.0114450417459
160931.246510381,42.1337736072019
190839.392664496,-48.4114114427939
104238.447563768,4.45369549561292
91707.2135141268,24.2270254762843
125385.689669763,25.5415203981102
83632.6741447327,10.730095487088
124678.92912489,14.5469903247431
102658.310930705,26.7421505879611
123835.181439021,-28.6008392693475
102036.538676647,-1.78521629422903
145651.149319688,17.6214711042121
113629.412658913,12.7074383664876
62261.2687956636,-4.959368519485
186490.644340464,-44.8038088623434
105221.666198057,28.1130205374211
154574.627125057,47.1671948907897
131507.680401185,40.5626885360107
107026.189739518,-0.313195586204529
89991.0449192938,1.90487871877849
104775.863210345,-29.9269833369181
101113.491380483,-12.4682980123907
110813.322587676,-26.8815995194018
101559.421904344,4.95241286698729
145019.89380659,26.693280832842
122310.422873723,-2.29181773029268
155254.618136819,37.4067759839818
130362.577854426,32.560611772351
72712.1503946053,1.09887265134603
137368.290689951,-33.8924224022776
91819.8950548148,0.997805246151984
148972.589271716,-40.6623483868316
128444.397566518,-30.0773066934198
80053.8827922593,-8.52065172512084
120082.97109945,25.6520474795252
158738.770371403,-47.7009123656899
167672.972781181,44.0241448348388
114865.532803676,-29.6736150747165
69293.0612824327,27.4203045992181
180406.302794199,-43.02850717213
90892.414436447,-16.2066705990583
126194.59861073,-4.08565681427717
54679.5615469841,15.2962938183919
157502.701375995,48.165092850104
131873.322517866,31.7949913674966
156086.96261621,-42.6876949844882
89232.0274290189,7.46006399858743
114118.43392098,-24.5513556990772
171010.993527149,40.4131517978385
129955.843920013,-11.084918375127
132520.777304683,-13.3120994549245
186387.873514114,38.4868833469227
61938.4997528237,-21.3070330442861
138688.453552769,-44.2153910873458
133836.320978367,20.9006891120225
105978.563297713,-8.64009326323867
87590.6912150475,2.5850699050352
149321.442819288,-39.1474432777613
156051.674528139,-48.3172085601836
167304.846854162,-48.0070193996653
96944.0537417909,28.7487671012059
117678.406238889,5.87004111148417
196389.990762815,48.9006998948753
165380.880279844,49.7898160479963
139704.627007831,43.2937663281336
107360.422183821,32.3750219540671
73980.7805769486,-1.57685126177967
89869.9711919707,-19.4748588837683
126630.457724628,10.5382366105914
138665.017734059,14.9817986181006
111594.972255791,-5.3873888682574
108933.828586082,14.0409972984344
153870.295893341,-38.8742147013545
145058.66793136,35.6118645984679
128634.498028413,-1.81544148363173
135791.028008919,-33.8651979342103
111613.599024211,37.9806009121239
136003.827771188,4.79085082188249
112921.823263114,15.0088649475947
182213.555784247,45.3055556630716
128754.209940301,0.786799378693104
116184.315965067,39.6344260079786
144038.85729116,38.5333763435483
154048.972335336,47.8357066167518
122019.13018451,-27.7095623314381
90116.4462217042,-18.1971959769726
112709.287297124,11.0777316149324
134733.023975369,26.1191923404112
119240.54692664,24.040734465234
177525.549582638,-36.8669798830524
97454.300178006,11.1736115766689
134653.957292446,-26.6353962011635
90819.2412390848,1.50685850530863
144113.192080223,42.1592413214967
153738.650085785,44.5109240943566
142370.929025163,-36.7648241342977
190426.4468211,-48.4251428861171
111398.739894214,-1.71071118675172
76822.7613999686,-4.66263247653842
116559.648865621,19.8845175793394
103870.463556153,10.6099291937426
74055.8317339396,12.3924426734447
167458.398499898,30.2455127006397
190319.272717925,-35.6859060935676
91340.9067203812,-2.15035260189325
122633.962871768,-3.03804336581379
166002.862793422,-10.4410370346159
129974.410712589,-24.1684782318771
111939.808861845,39.4085327396169
118051.047447808,42.9603492608294
163037.307975464,27.1981142926961
141098.921746868,-32.4469582177699
99979.6913287598,-19.9966478627175
120729.986207479,19.6903828764334
79493.2674772026,-19.3640387617052
205445.363241207,48.9617815241218
138891.474051443,24.294264591299
69171.0679648867,-2.00938761699945
128852.448351278,11.4625332178548
89501.2606364986,-13.2561035221443
151171.917712566,29.769468610175
149703.231157403,41.9092420954257
194407.649554138,-48.6297701019794
110013.809121165,-41.6779804509133
125515.994983193,-0.140310381539166
146231.850811161,31.3901082379743
119652.958931426,-8.99041157681495
130587.460880909,49.1502351593226
123035.930822607,-17.4478011205792
140190.775929851,-27.2944075753912
131866.505554153,0.302633573301136
64208.9368864418,-1.3144412310794
129297.410547716,-24.0670404164121
86882.9180521845,12.1319285593927
82481.4971146297,-31.3871129183099
163358.487652649,39.5739828702062
66161.7157503747,-10.3368199430406
106759.055425398,-38.5941120795906
163749.892762654,-42.0317500364035
177020.232888374,47.5524450885132
90972.8405138136,-10.5090657714754
180851.003488044,49.3349988944829
151904.510966758,35.3553410852328
103074.248890218,-27.9561093775555
171860.616682939,-41.6453948710114
81187.0670638123,2.88920917082578
161475.264352407,46.1599253350869
114311.030220815,21.6991727473214
116601.289092926,-32.8862089430913
121954.46108415,-17.6774698775262
185996.556869681,-43.8928487710655
160993.425306313,-48.2793088303879
165623.046642089,44.4617661647499
149046.34225898,-42.4226688919589
111926.577562496,48.0312025174499
148903.014751929,44.7608039947227
138538.584943573,46.5315496083349
168743.662113782,38.2166494615376
117972.5182896,37.4019537121058
131691.462034667,32.0614877855405
107006.252935689,-5.81218502484262
124631.154825837,37.1520897839218
106610.323062152,1.14624665584415
89442.0767174727,-1.29307124298066
120248.698545899,-5.01473762560636
132614.396109353,-22.3725662333891
168491.890227496,-29.8757826909423
196121.843325424,46.0951387649402
124760.798824597,4.97408569790423
103024.694611737,-14.4720134790987
98630.088889176,-28.1772526912391
196457.623213807,49.0090429782867
143699.741127913,-27.1065187407658
130981.284789885,-32.881187251769
92769.2543243356,-17.6158267538995
124056.075445692,-15.512922173366
166582.126564835,44.3401549942791
87700.299816482,5.62079772353172
153439.769225091,-33.6407360620797
145245.195656594,30.4201418533921
112450.166082156,-0.668288650922477
94882.2711190205,-8.7791221216321
157660.764902138,22.7607250912115
81573.3965902575,-7.37701721955091
118862.795009216,-29.0515690343454
180628.58132061,27.3778904229403
111521.720636866,1.4551670756191
171823.535674591,49.8359391000122
125124.78148742,35.8944034203887
116305.276971493,-25.0942130573094
191984.119009526,-44.743139250204
124208.520145278,-40.7749308971688
149694.439435721,-18.7821338884532
141439.204204524,40.2204364771023
112942.53890142,26.3721661409363
75930.3112138839,16.2705038907006
71004.2438800156,13.5672586737201
131194.563307456,-38.4324376704171
128759.609651379,19.6925735101104
113903.017338095,-19.3525781389326
110306.056113202,14.5099217537791
155961.261011115,43.5138544533402
98596.0018633804,-7.51315192319453
127454.441637815,-2.18979441560805
155778.783031553,41.4376899134368
115055.0330684,-9.70660459715873
84579.0860147423,-3.91308458056301
128094.447805658,29.7883903142065
137749.649967279,35.3944078087807
128708.66817362,32.792596379295
113328.015933994,0.0330012757331133
182715.523563925,-43.0577059974894
105734.440730898,0.752255925908685
85860.9380217235,21.4252952486277
186527.799771267,33.5299178725109
131029.131405139,-17.6343525294214
156483.335120759,37.6082366332412
98155.5353585024,21.9050009734929
103467.341767446,9.65612744912505
101724.712140392,22.4102687323466
157414.217305454,-48.2620410621166
141175.680854304,-43.1533322669566
144295.92056825,-2.06375399138778
188866.227193225,43.338541011326
117903.049567337,16.0927508026361
167497.183390384,-43.194491439499
91866.4772711253,-4.02731308713555
113434.709252147,34.1107443906367
103333.960328483,10.0346959894523
167272.408381046,-41.6126153199002
101600.351370901,-9.47705132421106
128954.982955783,-44.7093207621947
168046.296809453,41.8816308723763
197310.300304117,46.5088544180617
139207.462722279,34.0260651428252
79089.7136685738,-4.34217522852123
135586.746551442,-38.9646761119366
113429.688897124,-8.9339665370062
151289.703886779,-40.651916153729
99923.0526885577,-25.6481584860012
125642.390726091,-30.1961614983156
85001.6055553353,12.3460430186242
124997.446124311,10.0043793907389
143467.059664469,-33.1433446379378
149354.69658377,-32.87899477873
165117.160027941,43.5329574160278
175201.166920229,40.7286265399307
145309.081670899,22.0724075799808
117009.183359851,6.80842651054263
106583.25432704,15.9081955673173
128242.593190777,-20.1490622013807
150273.025662824,48.4121470246464
109368.638031251,23.1410915963352
110093.55470574,-16.1569681717083
94871.3629405767,1.4031186234206
139658.288254264,-27.4006844498217
220089.254228826,45.7129363901913
105887.163148714,9.18890561442822
119724.13081812,6.84511389117688
139677.682344578,-22.0321995206177
172374.401731632,47.9047637898475
107095.029124956,-3.94698681775481
124854.454621772,15.4915106017143
163922.19053413,44.1365163540468
158487.50763995,34.1207140590996
162772.039828882,-44.6860265685245
134529.455121503,24.9040994560346
148686.725761447,41.0232631955296
109582.072273823,30.6117962114513
181398.443542339,41.5927657624707
137786.925559713,26.2569499900565
162789.867546256,17.3408937873319
85000.069292845,-13.1792970467359
130056.762821867,-32.78960341122
105727.369281786,6.8371286150068
147025.019294818,22.1564315492287
72725.7270059511,-22.6145121501759
81791.3787151788,-22.856360510923
186116.295477056,-42.9708454292268
155365.315037623,42.3032057937235
107641.414731545,-13.7946985429153
192065.532029945,45.5760288983583
139916.520897172,-47.0650825183839
139512.861800287,37.2624442214146
109809.523616727,-3.14411157742143
103058.317930435,-30.6281231809407
78433.64964068,-13.6363912606612
131705.808536243,-7.32254281174392
164573.279565761,-44.1084863152355
140735.78884388,-40.1707054581493
135322.40362342,-22.9999212780967
182052.65942448,-35.1006374694407
83451.8882641948,-8.08201339095831
135769.275215112,-25.6172739667818
98313.7458944668,17.3771241912618
92733.8010860481,-5.02807267475873
134184.033492512,40.0695001706481
108171.928808646,1.71587909571826
112473.573734017,-13.4971718071029
147903.556816196,-39.6110249683261
115459.946426873,-11.6292771184817
144476.560659331,-35.7476301724091
148483.472964746,-35.9634252265096
148150.351252843,19.7467014659196
151770.459222913,-48.0271697510034
128869.462243022,29.8265783116221
187573.784239368,-44.9232913320884
134583.328030605,-14.3666826887056
123614.808532213,29.3653861619532
110564.076385588,1.39295246917754
135431.098499215,-3.80854974500835
113931.444521106,-31.0853149509057
105398.756120138,-6.99805640615523
139508.283352582,10.2961603319272
119318.235413091,-2.32977548148483
191812.395025418,48.6401769099757
154179.602137905,-15.7299512531608
128080.138136965,-5.84416787605733
128376.254623724,-14.9787709349766
128065.50770541,30.1332318456843
116725.33023172,-13.3348602568731
159809.442887857,41.4974536979571
144711.876037533,25.5415468476713
118226.30774868,13.5496196104214
129297.195258066,-29.6218734234571
94224.9942071039,-7.7353100059554
169471.533303954,49.6591300237924
81429.1731597555,0.704104080796242
120687.766392393,26.3409612933174
132694.604678125,-32.3923364747316
122694.454196284,31.8756910739467
92111.673835171,2.59935865178704
86778.2328708675,1.86762472148985
91776.6644564581,31.1069540679455
104601.292939922,29.1594372829422
144426.874905805,37.0190695626661
149235.597962589,41.095674992539
165913.904571504,27.228416595608
186990.0961223,-46.5213594725356
91270.3294584706,-18.3373402105644
144888.11496622,-38.1479338044301
127503.978220306,-7.10677718743682
161420.843791425,37.2877683490515
114665.848542913,14.7902504308149
160825.467345043,-43.7575638527051
115594.493152654,23.6585404491052
171693.79144314,22.712684632279
117933.499074768,6.4768377924338
180011.474942303,41.8818549253047
196433.76325259,-49.6265256311744
117399.456856723,-5.56198670528829
133718.391614457,12.5540878158063
112463.30052052,-16.0062201786786
95858.584332266,14.1439343104139
139228.569138492,-27.4445694405586
130247.590223518,-7.32180755585432
164722.70584751,-48.8766964059323
154295.659102586,37.8346420358866
129561.931803961,24.3127654539421
86554.4863755178,-11.7063795914873
118205.776860222,8.25197934173048
110993.645723367,23.4293911838904
182716.0361044,47.9624430881813
153858.999246435,44.2464397288859
109194.591758063,-23.1387645937502
115803.542590535,-18.8324029557407
102608.306647561,19.1874048672616
157302.602749216,44.364440231584
125869.45941235,-9.42357389722019
107049.032076864,-22.7978469105437
112808.594647095,-6.82412791065872
150296.744024903,-34.3893711687997
120975.220840821,-5.19194875378162
138075.797407473,-27.8577428776771
120822.671701906,-0.960310758091509
116300.169660657,-18.0938078323379
140629.616310528,28.2028757967055
95293.9923265174,30.9601989807561
83704.3737992608,-11.3755796803162
148860.900754718,-44.5719320559874
156359.390288465,26.3159277848899
107701.432327866,-4.7191497636959
167037.33396368,41.2430162774399
121931.164428156,-24.9493550974876
167709.302499659,22.3848004126921
99416.1865069069,-27.4786275811493
101290.811103031,-21.7058539856225
136008.203898154,-22.2371832467616
161613.381275902,-39.4934415351599
166782.9063786,38.283902220428
144022.868839504,41.7711237911135
120970.223248029,16.7205678299069
174466.110075078,39.6699688863009
91681.6500013648,-9.3269775621593
110940.315830739,2.41220528259873
104661.351560552,-30.7406482985243
200268.745567438,-49.7032900573686
149608.628434465,5.8163047535345
129035.730318282,13.0835554096848
123546.103881061,34.3562266323715
181447.234925654,-44.2678739316761
164750.372004386,-39.671827480197
179647.763228249,41.8986531207338
105715.975400757,10.3774204850197
137263.765326449,16.9975096359849
145472.803118367,-46.6980695724487
143231.784203988,42.3844076227397
135090.002242284,20.7859113579616
135539.970425343,36.1617901129648
113139.462212101,29.2617461411282
129339.169236394,39.1381573164836
104137.290180732,-1.42938895151019
147571.779799831,30.8295640628785
131375.849956792,-40.2979674050584
104454.737577061,25.7560034282506
111111.553551073,-17.0118643669412
126136.30314812,2.96354284510016
73946.200637437,1.81655730120838
116881.078177118,21.7115560779348
160915.410804693,22.5724732037634
143078.92137774,-10.3224021149799
141547.920580591,46.3458133162931
109458.293244973,12.0442861691117
85995.0143458825,-25.2741085831076
137587.567183816,21.9846884021536
113642.327094227,-6.89465960022062
134785.081165647,27.9167340602726
83618.8114192619,26.8502253573388
158604.964165053,-35.6787050142884
151645.780049451,-37.9646839573979
162620.097595374,33.3287891931832
188934.114150116,-42.3983475891873
136984.197298988,42.8839390631765
141408.602657214,-42.0924644218758
145611.208688084,-39.8111443500966
63210.2899622374,15.6941507477313
113509.176037992,-34.6070513129234
127533.834311265,-12.4347333563492
144126.789574003,17.8619705606252
123143.935882495,-21.8153932131827
115038.443230294,16.6029601125047
109286.947789238,39.210097771138
182438.605278599,44.3870943505317
105174.539840678,16.9995225267485
117848.431119918,23.2813056092709
149525.653650065,34.4174962490797
135198.336143455,-40.5329118482769
109300.845166728,21.8170000938699
108973.129896519,-35.7278908602893
135754.164608836,29.7816066537052
131152.122723865,31.1990498797968
76990.4086781917,-18.0507289012894
135483.003239831,19.7377962758765
136553.061991906,20.087124616839
139841.961648714,19.19035310857
123633.167772646,28.5624355776235
118673.897056272,-18.5343466699123
171655.782326378,39.148243679665
163793.846084546,-44.2354807630181
125953.209790243,35.2520678425208
133816.861845986,-43.616013135761
101015.673202646,32.919128309004
143537.012334106,41.1313351709396
100237.900982676,5.01056381035596
127947.206404895,-25.4444192396477
70655.3170930852,-8.92913320567459
156220.656740466,-37.6304080709815
145325.915505482,-25.5520818987861
164025.211563802,41.7911589844152
141983.964908965,-15.7424680655822
118046.256278677,26.4659914653748
109406.272910616,8.36086061317474
143606.557966732,11.5002639824525
99749.630616662,-8.93047412391752
131859.95277376,-18.6277026077732
93377.2396265196,11.6082595195621
138048.333470843,-12.4351795297116
158921.478636272,38.6929431231692
161451.32531696,35.1897779852152
122071.129511969,45.0620855903253
134475.438456562,43.6541577102616
158417.982920154,-14.0321063809097
108685.357139486,1.19704506359994
158555.028499449,-44.2560660652816
139262.588867389,35.8597150538117
91629.7420535761,12.0958590880036
105977.734169795,34.9902074318379
128715.094151377,-22.49266942963
140472.757851455,39.6567154908553
178333.966948448,-48.0084468843415
155353.904050302,41.4997749961913
101343.143430093,-24.4011433096603
90977.403141082,21.3889833074063
136999.294129411,36.4502685377374
106399.084960864,12.6449882052839
104492.888931793,23.1130312429741
128209.382284684,-36.1835904186592
152662.846776443,-34.1677916934714
86553.0201694373,15.3031447669491
82084.6292395681,25.9145737159997
150182.805542386,36.0982693731785
146306.280645467,-21.5346195036545
133854.686054941,-38.9760908903554
87965.2914403477,-8.75943382270634
164178.210656276,-43.5935795772821
153864.045692797,32.0754492422566
164025.416877883,-40.562329441309
117910.060063943,-26.9090521847829
128333.846669649,-25.196415418759
120087.892629532,-24.5131121249869
137200.745898113,33.5184554103762
95946.2261575818,24.2000582860783
100684.484384279,5.71329917293042
170875.293311233,-48.7642497755587
162938.837066016,-41.1893211072311
129140.827088959,-11.3940339069813
106534.759796088,-31.2952092848718
72350.9298026246,-13.9518870273605
105726.248384578,-0.312975887209177
119713.161717363,28.4698286792263
154431.915244825,-45.4468391137198
138993.475023724,46.6545904520899
103037.364304639,-40.3366043465212
118390.572079865,-19.0721129532903
142055.485466276,-37.360138935037
100412.155692651,-4.2007606010884
91915.2453246,-14.6071363706142
152491.398889989,-38.933091936633
193106.746088952,47.0304459100589
129234.754802369,2.0928087644279
99147.4552923962,7.29473773390055
113618.958650592,-3.68112500291318
150943.722242289,36.6538952104747
51907.4312629777,-6.95817768573761
142311.602365812,30.6653829058632
160317.984944894,-32.2267818963155
190295.043699075,-38.2976033957675
124208.768346814,0.781087204813957
167417.911629381,-35.9219751786441
115623.88218429,-7.56576987914741
90726.749196526,-3.37646256666631
183278.866742979,47.9306431487203
117381.349462855,33.765328489244
132092.631775155,-13.2841909769922
79429.7825104605,2.34188009053469
171484.183531337,46.720162872225
124070.294311164,-20.4429096309468
99233.9235098363,33.8219080120325
138802.058898483,36.4631738280877
130903.791449706,-29.8640842083842
164389.570390894,42.5206985324621
162245.788226884,-36.7021361133084
177850.55958532,46.4318601880223
179718.38636195,-45.5616880673915
191059.18333687,47.6473422488198
158792.821780541,-38.9969261130318
154434.433181086,36.9809665251523
90621.0697399276,5.21369117777795
122945.607133808,35.2589387446642
135915.255919305,-17.914426070638
141808.242619555,-27.5014716666192
155427.929461133,-32.6667320914567
188786.060495009,39.0909743262455
117634.177467376,28.1183156650513
104896.835949341,-16.107594082132
79341.9920745116,4.55322889611125
141952.097488342,-19.0775744151324
160500.610082246,-32.7105244388804
193482.597138583,47.7231621509418
115603.083235727,-24.2060596123338
93841.6168231704,-21.2486123666167
122050.445797703,35.0065609440207
89008.4773576059,17.7150337258354
99386.6000065851,22.419286868535
120839.577628454,-0.990681583061814
147739.94375514,-33.924347627908
89798.7854069528,24.4598025921732
113592.833314469,7.12646059691906
84344.2109637826,-20.5347632057965
146084.616857035,25.7264919346198
131574.981103519,24.3723648833111
137467.517303658,13.8676235219464
127248.569677369,10.2666022954509
108969.672220868,31.0768041759729
149237.339099881,24.3194057606161
92072.2252541992,-18.5171311954036
77899.3251408279,2.43459586054087
136799.037068716,11.1449630232528
116390.889883299,21.7270598514006
123001.815536153,30.5881374981254
126707.176581574,-16.7331683216617
86947.961600671,5.12507234234363
160440.586056198,-42.7164547611028
181128.025846579,-39.1251409891993
102877.511727919,8.42955359257758
148662.824925009,38.326026708819
133928.885276552,-33.3434998290613
144012.131998842,-37.9807026125491
120214.19243249,-15.6248057959601
115618.67493955,34.9386896938086
94273.3860487655,13.6696327244863
136201.797469562,32.8295174753293
132873.339745929,-38.6992467567325
156238.582604454,-41.6791605297476
109815.724371987,23.7893209327012
132224.9629447,-17.7484379615635
149690.084001905,29.044604790397
217020.362261493,45.5099627608433
134905.532959355,25.639260164462
137571.351673564,30.0458871293813
105063.043029669,5.70226144045591
112255.601055099,7.08932592533529
146014.273813275,-26.7327260691673
112246.982642826,16.2316652247682
141812.720716335,34.2971317237243
152623.422456132,14.915959816426
123316.12110052,-20.7885766401887
128479.21613123,-1.01101428736001
152515.050822783,-41.6796916164458
142341.931572418,45.8332608453929
147520.994295419,25.1701996661723
99293.639808552,41.648437269032
173880.795384788,43.4230570448563
92621.3704040985,16.6159775108099
139749.947238296,-33.4874642314389
136084.364447587,-35.3343003662303
96067.7253892346,3.03023578599095
126514.53119308,0.0377012882381678
85046.5266330028,-19.9660057434812
131324.995663716,29.8870336264372
155943.168951875,33.7159672984853
85258.0518814354,5.9998927405104
107455.179612167,9.06040063127875
155931.178360178,43.0875360267237
121679.145995501,8.15453703980893
117453.78066012,-17.8786998614669
122205.721717632,-33.5568261798471
167399.950327413,-47.0239331945777
63238.160351271,-5.62858106568456
170007.988023558,39.5185320870951
91980.230397561,0.552566442638636
127943.398596747,-14.1245634295046
116414.192096638,1.72447599470615
114420.399607539,0.0262906309217215
132115.436499556,28.2804153393954
141374.551546903,13.0633771885186
154434.56948316,30.6183315813541
113983.285062881,-14.5310617750511
159929.008182686,-47.8575326036662
94894.0635613314,22.2107805078849
115609.484785322,30.661113653332
116614.374719375,-26.1630535824224
201739.892854423,-48.5323929460719
141057.437097103,0.318856886588037
142416.435839695,-37.4134263256565
87522.4247727786,19.8948384495452
123637.039378341,-10.9480480663478
176578.822433996,-45.667094620876
128795.763113673,1.47109364625067
103735.748876006,18.5026975814253
121655.95060285,11.8574159918353
185859.962419589,47.978631965816
160756.217869745,-34.5027998788282
100597.084245297,17.2949403058738
109436.323939904,-22.0331595046446
99215.3926340925,-2.75271246209741
125100.59009116,-39.2488760873675
159595.824684922,-16.717013483867
163495.376462142,33.7172049330547
175821.228854966,-45.597117068246
161410.379707292,49.7332812752575
93249.4660058472,13.5635250015184
109429.710240989,25.8637096267194
108644.910453213,-18.5609083389863
132173.232373661,27.2308379178867
122202.270504396,21.2710976600647
139307.2327448,-11.4692707080394
134859.41028981,42.1413744334131
131083.283514025,-40.7310805749148
86992.6196258391,11.0489708837122
163754.206903626,25.7990379119292
196132.086782187,37.1173333376646
101102.477769053,4.64972413610667
192680.277126978,-49.4050966575742
133523.069484109,37.088829302229
142968.544689612,32.295636087656
84907.0556859632,21.7167996102944
110778.64012991,-13.5894738603383
170231.313290086,-46.853346307762
131129.89263043,-31.6856455523521
155045.098288467,40.0321011431515
140118.466412392,-24.2564330110326
150155.838011286,-40.4275376349688
164202.40167126,-39.3112910212949
114599.381355667,-27.2828047163785
117401.955608527,-17.7565642632544
113268.173780068,24.6671173954383
138976.395711127,-41.0681778332219
180093.592906348,46.7644392745569
117692.373953239,-10.3331548627466
152183.772110036,-30.9973461087793
109292.406626478,-18.6826671706513
149899.371563993,35.6869786046445
112315.520365016,16.4615458808839
144381.019412539,35.2686970261857
171931.003072253,49.5252407621592
119739.541025808,0.243627652525902
107728.898193839,18.899780116044
100529.019697251,-15.4531951760873
93335.2940275713,-4.01938224676996
170371.985691515,42.6489407196641
79965.218435018,18.8010416924953
87728.8564400055,-3.30786949489266
85386.9786815884,-16.102978028357
129686.62136298,-15.345635660924
70102.9285596257,-1.3555817771703
86477.5482189721,-19.7627515066415
85341.7057848349,-21.1445161374286
117682.284050281,9.79708817321807
100405.115301976,4.8120801569894
139022.004367968,-35.9155951067805
143818.33163934,43.083929666318
94261.0790755949,11.3592269830406
185148.432175682,-48.4117299318314
117382.079401896,29.7643773956224
118140.425825349,-10.7261144556105
94465.9460088673,-11.2636047648266
116468.420074832,1.33175400551409
100457.547636439,-3.97422220557928
113389.613598637,-9.20167311560363
73029.3074550594,23.0863059638068
110563.085337407,-37.6926746452227
80910.9537348048,-9.46279810741544
130318.523928252,-32.0238730171695
113839.042579794,-18.6555016087368
84123.7009486838,17.6359260687605
160778.721644669,47.6270601851866
153246.035710278,27.3966351291165
88445.1773240623,4.22835804056376
140781.577343478,-40.7031578710303
104669.475102187,36.4265497075394
141536.452135488,42.513757548295
122757.511761212,22.9854084551334
169276.716025545,34.1021643485874
120524.038599525,10.3048705495894
133816.115703802,20.5948798218742
218204.245847216,48.8081669900566
104299.615382207,-5.39256718475372
97516.5466676951,-12.5253610312939
152100.417513384,-36.1975494306535
113634.922748189,9.61082864087075
112241.304653687,-5.30100779142231
51488.5292681856,-15.0342996232212
135560.653619763,-48.8300690427423
95243.4034321452,-7.81912207603455
106729.811911245,-7.31699392199516
96673.3380703745,15.8905086806044
98930.2516243549,22.9566165246069
126316.73380906,16.6494910605252
112212.610769239,-9.5817088149488
121744.288205944,10.5513235321268
168817.314505324,-39.550096844323
120983.687168434,22.6042304420844
188190.217663115,-47.3374317632988
96119.3782685093,-21.4125011581928
138533.759703883,21.3948963442817
187627.234125105,45.6609499873593
118033.717331735,41.6507578687742
152265.307998064,37.1493779122829
83732.2159847094,3.36540094576776
120199.107035671,-23.24315875303
94425.3260116722,14.4458958879113
137733.241659742,23.0455277953297
142386.248298129,34.3362567946315
120016.8606816,17.6941775484011
131394.073122242,2.93023539707065
89678.6095514401,28.2225790433586
112931.162840418,-22.4340636283159
71901.2961637866,-25.2745661651716
80551.0159095531,3.27339442446828
138591.398361084,14.1262958291918
87735.817396068,-2.41288575343788
117919.831487704,11.3211350515485
110278.98548936,-6.99138527270406
202332.35264825,-49.0928994724527
138628.329428089,32.6324067078531
140159.491991546,-36.3550784764811
154993.044504567,20.9528416628018
92553.5620323618,-12.9837562562898
123149.729943845,31.1777608236298
169606.45967548,23.842251393944
158820.334428165,-46.8088536057621
194588.761263541,49.0499529987574
109356.948888698,-23.9780914504081
75274.0859075072,-1.62130352109671
115856.873566661,5.55659697856754
179775.174500794,49.9630035832524
128124.267360072,-14.9583999300376
103272.460984794,-20.0850138906389
113128.786678568,-5.43281845748425
168606.319041543,-28.2082976773381
160389.422709907,-38.0715999053791
138042.766722638,17.1556090703234
83996.7742758412,12.8663231385872
151349.170215602,38.2518090540543
120534.971368381,-22.2040492109954
86678.7121515777,22.4511467851698
136640.496774062,32.985092420131
93675.3236919664,7.03777773305774
137864.91716948,17.6412026863545
161787.962029965,23.9201582269743
101295.045124527,5.30937425792217
185881.52182898,-49.25731071271
123995.886467064,8.77001984044909
152502.726491613,38.9601264847443
97284.4963585557,26.1794789461419
152708.41589908,-45.6670349696651
104800.950402119,35.9757567290217
173817.613671388,-42.2243447043002
142605.623310992,-30.1327676745132
120418.399452677,-25.7508508628234
152588.607975365,-49.0858148317784
155657.257152717,14.5637603243813
163374.262250245,-44.7894517797977
146222.535621283,32.2411695262417
118876.645768629,-13.5875306325033
110030.59508805,8.22808963712305
194753.50729999,37.9260935122147
114047.610120463,-32.6228169025853
108028.331688543,6.04111971333623
83010.5439182326,-12.4868725193664
170581.076117642,26.8578020855784
122252.363451654,-21.4725482044742
139503.04659205,-39.4083626801148
106005.639466413,-13.8673003297299
142654.87790632,-25.2823232207447
137128.197764685,-7.83816613256931
134569.982732239,-29.2487355647609
154443.131014116,-37.749621248804
114722.297219532,-8.9547177311033
122517.449120132,10.6079967692494
178167.845515071,-46.7754107899964
121781.798672415,38.2549123372883
125916.203145737,27.4439790984616
106255.669833448,24.3132131174207
166084.477491074,32.6263680122793
136179.784557171,-32.0660871453583
164709.793885999,-39.8494003573433
121762.376008257,10.358174261637
150947.217112737,32.6085598673671
102053.223816486,-14.1905281459913
94414.9642927946,-10.581106855534
117843.22625977,-20.7078922074288
180874.696714096,-39.7124262992293
124688.564535385,8.96236558910459
107185.201899844,-15.2945419540629
156318.400083832,-36.0208633821458
150147.855732726,-33.6194227216765
132214.918466998,-32.5055837864056
138200.198709961,16.4544831728563
184264.046775896,-46.4435274712741
108270.049000022,39.033947349526
169693.241873006,0.641681323759258
158004.987235293,44.4128622999415
200632.726998414,46.4503266150132
182721.246577785,-42.2597047872841
117262.684848358,21.8183744931594
148805.718123121,0.751010235399008
88439.019376286,-6.25293275807053
127311.347778366,2.56140199489892
95856.4896146026,32.634294545278
99888.4963542114,-25.714198523201
192528.208193547,-45.7791486522183
128782.060085877,32.2598917409778
206382.401741628,45.1193344313651
173088.815750875,-35.5267769191414
197731.630886131,-37.4894828768447
178133.347412857,38.6414379812777
90649.8217485237,3.98079429287463
140035.929760747,47.7912447880954
89953.5473430135,8.70118490420282
154001.162172106,37.7261321991682
143763.271071115,-26.0124761378393
108640.455812161,-11.9687799364328
113443.2557596,-20.2576525043696
153566.343988209,39.0718673123047
151147.979642577,28.1363074667752
94499.952598717,23.0107515817508
144115.820823312,-45.3636412043124
184241.031193354,49.4203850859776
150726.648461199,46.720211673528
200048.652960185,-34.3985812272877
146698.053040467,-30.8758547529578
91230.5640104316,39.9623218458146
132293.539941845,-13.9937648084015
141543.733005976,-33.5461605340242
81957.0750700955,-6.99591324664652
132832.730811113,37.9943523555994
114818.46897593,13.5496318573132
83554.7518149151,20.3418378718197
135597.343186544,-1.58143269363791
87908.1144742175,-17.199190473184
95205.6636111401,-32.0638510165736
85600.459131816,13.5550567414612
105583.440473676,-18.5941279167309
67731.6461366767,12.3379372060299
126244.600562087,-34.5939532620832
100876.409566,0.77786345500499
78685.2719176728,-1.93709102459252
82263.4184752977,24.1035484243184
147947.232090257,41.4801041362807
175412.75387731,-40.5653749825433
127231.161229682,-11.267309775576
147416.280071733,-35.1425577886403
93575.0151418787,11.9332649512216
128601.593366715,-27.4382120929658
125319.855359507,-9.94355161674321
108346.268551093,-18.4607373783365
109556.616590507,11.3881763536483
128552.467903606,-11.7553041083738
111874.850843631,4.96840719133615
91611.5541142249,-24.0181965753436
116628.291827763,-17.7149392664433
142993.988362275,-21.4277097955346
108858.585911512,20.2207907568663
125684.155213664,37.7594633726403
123363.538547064,-28.5877947462723
174266.903746863,-47.0165857113898
69532.6981191679,-17.4325484549627
183770.111834498,-40.0529291247949
121078.20491932,23.1742911273614
102571.451500424,-25.172593886964
124706.502303072,35.0453460589051
76262.7641176885,4.05015908181667
165805.262691662,41.0405874019489
80141.6617522744,6.68370246421546
103615.83406373,-10.3339834837243
115360.194363235,-9.41597917117178
158739.751539273,-47.996515291743
88807.8165342391,-6.29456958267838
86561.1032668948,9.05361569020897
87398.2062672594,11.5260834107175
85697.1914402057,17.0065254438668
193065.96879516,-48.6894944682717
135626.179252852,15.0573162361979
198517.490569379,46.9221350969747
143783.57028999,-25.7085029268637
171768.274298915,40.7385736005381
95793.2486651756,19.8797119315714
125332.948405031,40.582645428367
143768.867080144,-6.35046302340925
187739.920543212,-47.0834485488012
114739.019655272,-22.0813642255962
114853.04844953,28.0577745754272
184573.169298013,49.4907609885558
145736.997120722,-22.7137339301407
109376.547484194,-31.1752738198265
103099.873756862,11.5962846204638
93702.2269922653,-35.2783442242071
110605.195530693,21.8027804512531
112680.258284058,-2.39788580220193
176803.352308985,-45.5482411198318
122465.520851255,-5.23516221437603
126519.1996097,7.45411161333323
153081.988110928,35.1603955961764
117247.849413261,-31.0633629793301
58027.8792934182,14.4985819002613
146936.615912978,-40.7340773846954
117062.674172015,-1.79113643243909
103703.182627916,36.0629683360457
170240.850246661,-47.7663298370317
160884.184259169,-35.5848727747798
86391.7095508066,9.78656890802085
126809.677602743,-6.6742712398991
96470.249033782,27.1188823040575
114855.869694196,-25.898346491158
189938.809899762,-49.8558491002768
145259.598728362,-48.4559582546353
156128.099281871,-43.6331729404628
118553.647521494,-21.8281541252509
197067.685762787,-46.4059293502942
71131.2342159913,-18.30671322532
93916.8468492999,12.940728943795
104731.554616104,-19.7397197131068
148743.128137208,-12.9869859199971
196990.79556418,-48.2205547625199
208506.772688493,47.8283704491332
102011.039584983,4.79393547866493
158261.123462583,-42.6019049016759
181582.068650728,-37.8151733893901
122817.337446543,30.8072021463886
146509.987556725,-45.5041488166898
164934.422659771,-45.7261950476095
145277.993363393,-42.8166736615822
127346.638228485,3.80276630166918
165390.524860699,-35.7236333424225
142046.445404111,6.37383365537971
153058.532752117,44.3887980887666
114882.050953023,-12.6596710411832
118600.072644114,1.94551064632833
115287.263929178,0.185026321560144
113077.590413865,-44.8680143337697
153818.52916795,48.4857223927975
117259.811448939,19.6881605079398
124869.027381962,-11.4942130865529
108044.471589994,20.5884116468951
108080.89051238,2.58669483009726
131801.694506223,-14.1216330695897
150383.199803084,-27.2707546595484
129198.29847772,0.133233168162405
177630.892833059,-45.9968804381788
87451.4899821364,-4.69442286994308
94299.4257439348,18.6236882815138
176121.590763385,41.4269508095458
103746.485686333,4.93354042991996
104675.702639721,-3.1138178659603
140557.48096824,-25.7153417915106
113441.916748686,-19.7319422382861
74379.5351137906,0.937053211964667
176255.119966763,49.4442467577755
108987.402264302,-23.9504063967615
125543.496035058,31.8275737343356
133435.485664315,26.1980734299868
143491.234312258,-42.8018413484097
103114.281772094,14.3186810659245
157580.212445221,48.8614802015945
123019.640499625,-21.1898528505117
149004.140671483,45.9243024233729
106516.053997894,-8.76109632663429
142554.889097249,21.9871396431699
195805.85762546,-43.6969692120329
117740.818749608,-4.33177850209177
177562.805632468,48.153743869625
92877.2475081494,2.87838994991034
133462.653139465,-14.1557799652219
118875.613318197,-16.2121182307601
120732.412142645,24.4785826420411
157107.794122046,-40.2176721254364
109761.120514717,5.09089666884392
126615.960556933,27.2272635018453
158848.950839007,41.5045135188848
117221.880848663,24.9299788614735
94498.8931619583,11.6475014947355
190240.868973077,37.8320904681459
95886.7443428339,-4.49736572336406
163517.134781139,-38.8666820945218
62581.7780247546,17.524254322052
152199.01981403,28.5672126337886
122329.719393997,7.8990297857672
118887.088817442,24.2419845191762
81755.4414063327,20.5674837110564
138929.283226751,-44.4964077323675
100675.933763594,-30.235927249305
132302.828200753,-0.578426499851048
90222.9377988375,-3.1029041390866
118793.812649563,-6.99656358920038
76148.1703458024,2.49137333594263
108954.170323104,35.8930138172582
147667.496401691,-24.4284939020872
161247.480676568,-37.9887216258794
126164.346923165,-25.6763520883396
136897.512225101,-27.0657066488639
197858.763190364,41.5522479219362
173687.082252759,44.5121756289154
184854.923753426,42.667475854978
170963.342483953,-29.7446590615436
190644.388267757,42.5356025109068
100149.29299075,-2.2199296625331
77771.8275022977,4.49828447308391
189095.705407439,46.9010672764853
151781.462895965,-25.7267128676176
120253.008617413,-30.2675696788356
149491.863874561,36.5840274374932
145550.826740101,-41.44829637371
181720.212523162,47.2067693946883
141807.572981132,-38.2525806548074
120805.076248252,-17.3333378275856
150493.800768895,36.0889991978183
143664.615476639,48.8243594300002
100799.204663357,-11.8007034529001
74083.2032071707,-10.8029156690463
101710.191035745,-10.060828155838
133907.719816206,20.5677326768637
76059.6255003732,-0.0685791252180934
141132.346696561,-6.19191362056881
113349.982954484,24.7940840665251
138749.246510604,25.9211905999109
123915.381163707,35.8431181171909
171545.406444185,42.9360881680623
185490.896659392,-43.0971406167373
141067.757768534,-41.3892304524779
179212.305455753,-48.3778564957902
134399.448679346,2.97900862060487
89559.7890654701,-7.87293820176274
108288.423517264,-9.98648230452091
151120.667094019,-22.4927936680615
113071.446807657,-20.0908565660939
150872.067072492,-35.665585892275
145326.480909225,29.7735083382577
130579.8003526,1.28094383981079
182066.36281522,-31.1003821436316
109267.496379106,2.34834293369204
199995.332007385,42.2832143958658
138584.717927536,-30.9491345426068
132749.91794526,-33.6851589614525
100854.855077846,-12.327396008186
155819.240812228,38.531128433533
146574.776476518,-49.3396952981129
173165.817439315,49.5440766913816
82538.2474116625,5.99960591644049
166039.618588796,-34.5263172173873
146844.73399599,-34.6390206599608
151288.347352918,40.0780514348298
124590.154335163,33.5056057199836
182188.693305131,36.6085539804772
167637.399180559,-34.576254338026
119182.981496297,8.84487214498222
95260.1143955582,14.9766210932285
148531.813327575,-38.823853014037
166342.394090842,-49.1687815869227
132205.180407172,14.8710765875876
175943.483107207,46.1539337178692
137876.07394318,-35.8058251440525
140879.42841717,26.8830188317224
125226.131926553,13.7506928527728
110214.482090499,-15.5800184700638
85053.4045829088,20.9617372136563
131797.881599987,-23.9897356368601
114369.335299449,-7.26076534483582
165669.505667345,41.6839664569125
120924.152247065,-0.985639193095267
150132.175757533,31.5492587629706
118572.408045573,-31.0310387052596
144797.378512501,-25.9581601480022
182306.873166647,-49.918025219813
172652.609169112,47.0904169371352
109857.840681441,-1.00181365851313
165310.830816442,44.1938528558239
126021.468582613,-20.8806978072971
143583.335355538,-8.79550643730909
180476.768987226,36.3707051146775
124315.519822346,-34.1371391434222
100134.045471958,-18.7898106407374
110289.762713888,6.88620919827372
124096.441839608,34.4019967364147
148065.293416452,-28.1873736297712
122226.878617829,-33.8284757453948
117547.713906734,-11.1096158158034
174463.756573955,36.7779278662056
143573.116651684,-30.1567496964708
113498.471888902,-2.35024455469102
145993.506822776,33.6418193532154
71953.5480861163,-5.11179254390299
151984.436731118,33.5765795083717
157948.811881017,-22.3615734605119
134150.645187782,29.754670150578
160240.543282114,-29.8778539290652
174004.140847708,-47.0932887401432
140916.205756022,36.4746080478653
129390.359581702,19.1873867297545
111960.605910487,16.7715143878013
86634.2921945586,-2.64463173225522
96242.7835230687,-1.67643434833735
118538.201221251,-28.3632079372182
174990.777585839,35.7671801000834
101168.287472723,10.2300998521969
111240.799621307,34.0368969831616
101627.896068362,-25.6968217901886
118473.260559042,-26.0844487929717
175837.19398769,-44.2640301771462
159619.926898006,22.5503292633221
147467.623360267,-43.3293535839766
158189.274717934,-18.1760497624055
135676.147350427,-31.2433686340228
129159.298438204,-34.7554577048868
147000.290174333,30.678582447581
157145.14781922,48.7699996447191
117122.681362339,0.171757396310568
127809.397886536,-38.8486794196069
135000.733013992,-7.81148804817349
101077.615565431,10.0635009119287
106396.544752602,-0.515389791689813
144628.322662003,-22.0363522181287
131028.568583279,-2.37497154157609
128231.37884289,25.8887823438272
142376.399342586,42.1088753035292
131254.344803659,-36.1282036174089
104862.720720776,1.55923401471227
128467.713824334,26.7075523734093
119674.991971585,-22.3723101895303
82815.8502015831,20.1691380003467
58760.1876554586,-8.14552013762295
154351.092978181,-45.8895697258413
152231.347913222,1.65030753705651
112588.977875402,-16.582466638647
116629.059001053,24.5116743724793
183635.938172488,-39.6250064484775
115194.875760353,17.9513532202691
174831.631516946,-45.9711015690118
108126.522119254,12.8749407595024
176877.297912341,-32.9399444628507
75851.1974941653,-21.2013687705621
135753.890458752,42.3327965429053
99381.6090078089,-31.0771919088438
120383.601664388,-5.35491432528943
128147.91951332,22.1730303484946
97802.9381200579,6.68925843201578
174415.55612198,48.6439082073048
133862.359421785,34.7459804965183
116462.631091563,-3.16458758898079
162087.987785895,34.4269832596183
163481.999685773,-46.670014760457
125095.501020461,26.4312007697299
106083.744480326,-15.9688686951995
180681.877740178,44.2365686874837
147801.554905404,-36.2273165257648
107542.82208525,9.06077844556421
140473.790209508,5.7758976239711
127831.943895387,27.5177089497447
135702.386279686,40.9434594213963
146194.545949313,19.3591995397583
179550.001608049,47.4993486423045
127651.273306533,-7.75167115498334
148142.649582278,-29.8705780645832
141282.67139472,-35.6904222164303
105935.906374783,12.119217030704
145244.955679402,-39.3485301407054
157306.856945988,35.0648378487676
172287.209010726,-40.7813937868923
110888.484618053,-13.6825690045953
113822.867318018,-37.4542051693425
66049.0820272934,14.9362301919609
139414.254421867,33.7763359537348
141472.241297622,-40.9987076651305
172938.874334979,48.0734075186774
135412.159417023,27.0172807155177
152432.310675406,-11.0171362059191
128440.682596255,35.7421221910045
87266.3470569002,7.8849978512153
122255.200011206,37.4930374557152
166181.287713216,45.7381344866008
150039.339697042,32.7940539922565
90301.3460716272,0.259282300248742
161920.347782449,-38.3484735852107
92893.6113133388,12.8816289827228
156791.479911303,30.0638167420402
140271.733066811,-37.229302781634
153770.349858039,-37.1410002466291
91219.463979541,-0.302889035083354
110698.188407284,-13.6827482376248
159592.107527433,-28.411218803376
108463.659341501,-4.28584697656333
154060.997459295,40.5775377061218
68708.783234223,-10.7763207750395
164571.780843882,-29.8320457572117
128776.518172765,-38.9786183135584
144993.995108543,-41.5997749892995
132635.648732069,-13.4346170118079
97588.8868361464,-3.421098459512
160805.50691546,-41.8473596218973
108880.890350342,27.5029322365299
101763.727699104,9.44307814352214
139441.136651247,-24.7669770615175
114043.824767461,-5.7404812425375
152778.44555772,-25.4657001467422
137833.201712883,-36.5560312056914
129452.595024982,36.250445083715
113035.593553062,18.9672707347199
103043.530630027,9.05425825621933
117782.285947399,12.4810077482834
111749.294838732,14.6212474443018
188681.531506426,-48.8893491914496
149456.962689361,-19.9852434452623
124404.171518804,-29.0645318804309
119500.821022539,-17.7183075109497
127800.575078306,-22.9769992874935
82550.2146649747,-16.7799493530765
114280.858941545,-26.6793550457805
174558.974090818,-44.7192509891465
162894.235501425,47.4637834122404
170793.881537088,-47.9692423949018
119810.479433653,-8.33207359537482
188033.47595068,44.3806344177574
144930.616622997,-45.9846498444676
157481.554550441,-32.7875580871478
181039.815432896,46.0539452498779
125652.842864233,-24.0879426943138
116289.032895332,-6.49214168079197
126249.499868615,36.2922284984961
94384.768840809,-1.52439961675555
122358.61185536,-3.88156173285097
111450.100751634,24.2258128942922
183953.048777032,-48.0233682552353
97075.8609954127,27.6078185765073
138452.542477921,-32.5256433803588
161451.362933412,-23.0756892822683
146605.122966025,-31.9088435964659
192566.410942936,45.7837290130556
126030.536346712,-28.4984420984983
106781.4117011,31.3099156366661
149567.587804159,15.5472949147224
138938.673634752,-26.1582899838686
155751.754089261,-36.0920931678265
119175.90913702,32.8067872207612
121590.723766464,-6.72916304320097
107728.11443478,1.72100989148021
131360.749336398,30.3519265027717
102815.699385296,-22.7807409595698
78053.5601840878,-8.70395118836313
191526.442629167,47.0824998337775
159169.420702266,-7.56174547132105
138719.788169901,-15.2237939182669
59899.4914679761,-6.14845328964293
109273.3731316,-2.69235374871641
88211.3763450063,20.4302587546408
137821.326721972,-33.3919833879918
106021.22772123,-21.6077378252521
137750.167428558,-12.6160415820777
128184.985688591,-37.8138201776892
122308.369274173,20.1467685168609
112918.712863515,10.7214067829773
174423.56083874,45.350607438013
158504.552155379,-43.0673223687336
88283.0174138963,-15.3538681566715
158301.671201711,-32.8005152288824
146402.776108132,-40.4938489198685
120325.939942472,-9.5946479588747
154097.886204894,30.7884031673893
165839.892453739,-33.2858772017062
156705.669309488,-31.9674562430009
93478.8948844676,-13.0630628904328
89115.6266095576,18.4822720708326
87209.3624109829,-6.46350765600801
156923.730203597,-28.203446068801
153650.005676652,-37.8210431663319
100418.589057767,0.0214282190427184
158312.48668623,-24.7667790390551
116752.26445771,-23.9731760695577
114123.884671269,-11.1513901269063
121433.646651022,-34.669722779654
110659.391201439,-24.1612062091008
90783.0627604269,0.463458779267967
170266.298996285,45.8691411651671
119903.42638678,18.3536638505757
150924.364468527,35.0503152236342
187657.584276529,-43.5396017041057
114818.628073063,-3.62830532249063
76411.3024865783,5.45932597015053
178155.511414741,-44.0906558185816
167205.017165264,46.4122709818184
129308.25325739,6.21473244391382
170662.125438853,48.1526419986039
103455.304352354,-7.98934728372842
108586.624557805,-1.31658643949777
120955.226308784,17.6354089519009
149269.646944909,42.0203331392258
119462.875612418,32.5572771485895
82609.8158075675,-5.16941791865975
150109.486664734,-33.2106017507613
177304.068584063,-42.7899629343301
150863.177504059,24.3744539562613
91721.4634212388,-7.78069691732526
132203.297327126,-37.0493456721306
95286.1911186424,0.911805545911193
137516.039820147,-19.2968730581924
125491.09954869,-38.3654987206683
94202.0989910059,7.72761714179069
71217.6593779009,3.52544623892754
117555.322486094,-21.8665366293862
131200.32315441,38.0210913019255
111320.2845507,5.04965952131897
142486.090295734,35.7632357161492
86351.3845427232,4.92096077650785
152253.63638168,-47.8210427798331
95686.8021920478,5.44706387445331
125092.460950406,-11.7310799425468
83073.5445284515,-1.61193290259689
140400.419579361,17.9003659635782
142258.587916422,-43.1493837852031
93110.7099146525,-3.51286786608398
155684.832749672,4.32779337279499
126005.794711773,-6.07453472912312
111260.560073724,-18.4385412139818
114431.426146442,2.84826813731343
184035.746145581,-44.3955331807956
87492.8356521954,9.75373007822782
167950.162893815,33.6421840358526
124704.092961144,5.8163010282442
128367.553196365,35.4973254725337
116417.014743337,-17.4774524057284
131954.10990929,-13.779817847535
152166.690613853,35.3326675016433
128686.365269759,23.0215286137536
162815.232088089,44.4393190322444
109825.124603323,-11.868358659558
111391.475559988,6.98170932009816
192446.405284583,-47.0802281051874
132826.770218235,43.174811755307
164908.454469376,46.239449782297
84462.8401580993,-1.52514840010554
115130.986445362,-20.7213345915079
113201.049455491,22.5962082855403
100450.762728246,21.5818828204647
107537.996012831,-28.5200017038733
96801.0126499281,6.19688325095922
146995.22809396,36.3871273817495
163640.634092216,-38.8714758213609
110418.294511658,25.4273708444089
142468.040298994,19.2100721877068
129486.116000589,-0.31404139008373
108505.412183436,-22.2052683355287
152698.329431083,-21.7087052529678
127458.553427835,-33.053149166517
155284.057323186,45.6100613810122
164272.196368736,40.3488748706877
85510.3335046358,6.92258037161082
126660.548938308,22.3927763523534
123422.277928104,-32.5219595804811
113551.303505699,34.853198309429
153009.330448138,40.5763128073886
153438.47863139,42.4466389231384
129434.637817418,18.2161492062733
94176.1499346398,-14.7566049126908
95447.9790605896,31.5129209309816
90014.4255382878,-11.505033262074
133438.270951729,40.7176528824493
122044.231655676,-30.885933758691
146917.260379651,-34.1493773041293
116664.826866537,18.319584056735
103920.03287254,28.3288992010057
102573.474490592,-10.8344436855987
70196.1803415555,-18.173347809352
99559.6740709895,5.25605485308915
154713.189514378,-33.6307883029804
119142.379894208,-1.17869395762682
137760.375593381,36.63848512806
120891.688705092,-29.571706126444
122546.419383474,21.0105842910707
150585.19164749,-33.2432613475248
69470.2879491929,-21.1760778911412
96558.6142300579,-14.0206508571282
166169.390879839,41.5497330017388
178780.314226225,-47.8502078913152
150482.926622391,-36.458541941829
115914.146758366,-32.9497806029394
103965.876404023,-18.0398599710315
156571.201975116,-39.1881860326976
175971.430064412,40.7914149109274
145281.676104568,-22.8698292979971
105832.230958711,-12.9371069604531
148603.999381134,-36.6616261890158
132660.497426276,-34.4926161691546
105706.185484644,-3.23452851735055
94750.2102258576,-15.3714098734781
132840.863564162,32.0603075902909
129629.227580098,-32.5447347713634
148956.755194041,38.82179078646
176711.015566374,48.8605340011418
94455.8622778598,-5.13102561235428
140284.487626437,-12.7678760560229
160492.895218601,43.1284189922735
134757.314650925,-41.8453530408442
127648.36126579,18.2938056532294
151790.633851745,-42.3797445138916
113204.675098355,-6.70512304641306
125696.179879692,-16.2512044655159
133863.643834358,33.2936928374693
165545.858339915,-49.4728167075664
101589.885837391,-8.352981810458
146959.202225267,19.750452064909
83023.585194727,-14.7646366385743
93613.9531958542,-5.44626866467297
109646.470540345,-35.2210574550554
101306.011410114,-15.5863131862134
110258.058879665,-1.62689192220569
177618.287518454,47.1709435340017
145370.666752977,-36.4684661617503
83372.1165812129,2.70897741429508
134287.93524488,26.0525023797527
112532.495998274,-9.1736244270578
100843.344652975,22.0446390332654
104175.652888945,14.0241863206029
121242.142449821,-33.9007236529142
153855.374521972,-32.055551931262
126958.347986004,-30.6055119726807
149871.596821243,25.8214382687584
163516.932197994,-43.7568023335189
107518.423968492,-6.87166703864932
104482.189035938,18.4649255359545
88423.5295999241,14.0763550298288
127984.943048267,-27.4156122468412
153489.122375695,-39.5694650709629
150327.095531211,32.0407842518762
120909.997924012,6.69315571431071
128708.284113273,-42.7437536651269
123640.343480341,28.575717122294
144568.996798685,-30.4627934005111
143907.373240326,-31.9011261221021
61200.1958649426,3.68706402368844
137564.502556123,20.1980152633041
183710.671202363,48.7228490877897
134538.246973779,-33.1092218868434
113249.891483484,-34.7019145730883
99822.9634938851,1.7405625898391
127992.470007224,-34.6531359711662
116961.748257317,-10.4328830493614
157807.272237783,-34.6607277868316
88233.9593918153,-14.6531345322728
108567.385583673,3.26909683644772
157656.709730804,39.4920769380406
124120.931794186,38.2815020857379
160114.042122072,48.7897945335135
134312.757014211,9.45197537075728
116904.743314221,-16.6188656818122
84655.3769438734,11.877387505956
162748.079629046,-49.17849493213
127148.00806105,30.5558661231771
125082.044875968,-26.2825740268454
155653.902901901,30.2672980353236
97660.3132982268,13.7746951542795
114392.81530669,-6.8161714123562
152558.569773698,-39.0037537552416
122640.747718272,-25.6335441255942
122326.112950123,8.89358217827976
93007.4437014925,-8.48070606589317
80308.7657449797,14.6767048165202
142737.943552039,38.9107020106167
120924.883942308,28.9171740645543
121540.978384881,-12.392314337194
149664.147851666,-16.5785123128444
102522.393467833,-8.10095695778728
159961.403315077,-18.8056057086214
184222.222685333,46.7999167973176
59538.5597151047,-7.0673018693924
164470.006744027,-35.7457896927372
128571.427172979,-29.7113122651353
169752.202627911,-38.1511593237519
129172.615760485,18.2651294395328
123912.505922276,12.0351927122101
93784.8811027232,3.53930038399994
146370.916988939,33.3639498567209
145078.315626065,-32.9236265737563
140953.997883807,14.9068927858025
131684.047443408,-18.2865609182045
124882.63522792,35.2906583342701
131672.593479522,-2.01188381761312
117483.820260016,30.5387599393725
97726.7912820572,-6.87116417102516
108180.67764204,-37.9365986213088
91354.2043133498,14.256221614778
105209.53773459,-18.0097270989791
150923.569701133,-40.2604880277067
129391.319025275,-37.5089540146291
175862.221627985,35.1334423525259
116790.75079335,-25.605808547698
107035.876564299,-23.0394839309156
134553.517511533,45.8288324298337
190451.266322836,-48.6532756360248
134692.575280948,-4.1775002842769
119090.307867928,10.258160578087
180815.79828656,-48.4455467201769
73667.714885504,15.8576583024114
112445.072862561,22.9400272481143
115276.734652092,-3.76262376084924
155140.30152231,-37.1247075498104
83348.9642521405,19.2303499672562
105104.656962601,-21.5708030154929
147769.802093797,23.3002853114158
99360.6775112867,6.9926094263792
137207.210839497,-43.8194574555382
138215.988645462,-43.3342108502984
74192.8009857098,-10.8790296828374
135883.026157142,28.6173730622977
173990.705661274,33.1116424640641
173566.221997647,47.9232803685591
114086.532939854,-15.8400258049369
112437.736765472,-22.6679564220831
78037.9771863555,-11.1452413722873
146350.764578347,-20.9893144899979
131611.915079807,-29.087202064693
179540.768913655,-41.3463640492409
137272.797673219,-20.8362890873104
125416.518510139,33.0153595888987
124259.985750129,-25.9897050214931
142883.756423896,40.5765719944611
159000.89753575,44.7963914135471
129173.469218975,3.84296476840973
142963.21398201,-28.2010487746447
78976.0686103952,27.045052475296
174578.927421723,-45.8589300746098
168186.223708474,-45.4515222460032
153220.725858941,-42.2456218395382
122372.747423671,2.8971211751923
143397.832793911,10.865031927824
168031.101259597,-46.5180659666657
162048.47945205,30.9081189800054
122585.758071025,-20.5149261513725
77616.194196364,-2.9632315505296
122249.859065543,4.82926650438458
103178.536278798,8.60786191187799
114447.704946708,-5.88893964886665
174186.640837998,36.1917859409004
127850.937515333,13.013958837837
191752.883800258,-46.8140920856968
126578.65236173,-33.7354883784428
141667.186089979,42.4638422671705
92063.1545167884,-13.3453828515485
147073.514582385,-24.3500044336542
75064.7222797213,-19.0838839393109
109690.212678235,-33.398577850312
173111.570682545,44.3057323805988
140054.415809323,-16.7499274946749
114270.678700108,15.3089142870158
158312.393685982,-42.9654370527714
83525.0917985965,-12.9107251297683
109631.575807488,8.25253683142364
129986.309348053,-17.2010408714414
103819.938410101,14.7455373080447
93785.3167963134,25.2428292762488
107472.108552565,-10.863779252395
128337.1049675,41.4173544151708
109045.731961021,-34.2475723708048
124728.404483339,-28.0908593442291
111415.47279577,23.6432934878394
140715.928770294,-37.3549543553963
137388.535360013,32.5165464542806
141852.887062098,-36.5239320322871
125416.899071498,24.1351030999795
118754.933217622,-7.26565734948963
96908.2722064931,-17.5434963544831
144071.733884193,-22.7721879025921
128135.986842827,-22.8915476007387
102573.931194942,29.1689303936437
142063.105971258,-33.5825452581048
133006.467856637,0.679549318738282
146441.065298222,42.6096456125379
121229.068640338,-31.0797271085903
138471.245837683,-29.5769141521305
101763.017656631,12.2615765081719
211120.896602718,-48.3794402331114
87470.021374106,-9.79474713094532
121722.022780123,-27.5916167534888
170962.103426517,48.0019570328295
137097.237054104,29.5585845829919
123762.181164444,20.3396257013083
135589.590059118,-46.5702448273078
125766.524387007,12.7359011676162
178601.705846137,46.4334967080504
125038.228112237,-9.62263999972492
103103.035324347,-3.27050043269992
226800.884036917,-48.2409949181601
116044.387663459,-5.59953316114843
113327.724899528,-28.1315858010203
105891.608111474,-30.6559893768281
181133.118514494,42.9217748576775
115455.906381113,-37.8534368937835
198597.346350147,48.4928238904104
108668.16071538,18.6389575479552
136097.992590061,33.6039856541902
146855.573825011,-42.8844692651182
113910.535997692,-22.1371671650559
93741.053692393,-10.5984329245985
166211.667875773,45.4212125623599
136403.618026287,-31.9372692843899
85729.4691894994,-1.42246950417757
92773.762045817,-21.8271373072639
102269.396548221,35.1222022203729
155463.661108763,-46.1503582308069
105467.197891636,3.6840531276539
176724.947590968,-38.6626156279817
157015.36004336,30.1703338976949
161085.568840687,42.8030046634376
105734.140557215,-22.2696545533836
185805.346130105,-44.4362668553367
168309.226805074,-48.2960714725778
129792.923880982,-16.0555184120312
90257.3956718554,-31.0724365990609
83849.9066291187,9.8537597572431
110799.142042546,25.9652826236561
186453.975434236,-45.2078023226932
131037.91515692,-32.110059238039
120929.191745772,20.7570956088603
103605.384196035,-13.0905888741836
82520.4937485674,21.7773436801508
135692.624347989,-28.0829102033749
94820.2482710004,-19.3608487490565
179470.550768926,-43.2484981138259
151205.296017867,-42.9834350710735
84886.3132215481,-29.5430643716827
117373.331877322,-33.5711815161631
95552.0791114628,18.1366252712905
126175.343029627,-2.74743258487433
140878.082476366,-21.6987953986973
113038.915556389,29.5022025704384
168356.92712002,-43.5340527212247
105071.192765046,22.3156170453876
148721.149553998,36.5696911932901
125203.491440356,-31.2652725027874
112576.834907888,-9.40418129321188
135720.510668751,-26.6900196205825
107683.229095669,5.9527721721679
114974.038574259,22.1119390567765
131590.960657401,-5.013772030361
96890.5521898515,10.1184424478561
131468.061874486,36.6073173936456
104970.195583633,25.6896115839481
103492.867460025,5.22130487952381
127781.897199052,7.47168082743883
159641.952003235,47.0448881387711
177339.640189696,43.7652543652803
97784.8764430143,12.1805830392987
118349.229726762,22.142411605455
111442.957189453,-13.8517636572942
81700.8827806237,17.0316660311073
186598.283601193,-35.8067001216114
111330.999901872,11.6337596671656
78292.4625917174,1.11574458424002
113828.405439355,4.24618660472333
153427.716130362,30.051584658213
99154.3111590068,-28.3391783479601
120677.672300633,-15.4091923730448
110802.611924608,21.7366826254874
173178.099761491,-48.30337674357
147971.680715571,-44.6235538227484
98044.2983845644,22.410979331471
173817.872184279,40.3514424338937
174370.563378135,41.3669960107654
125463.978997372,29.1256536031142
125639.796655787,3.94447597209364
171580.537455216,28.4594024531543
131569.585803501,16.9756282586604
126613.169604972,-37.3346241889521
188122.167590905,48.2572872890159
144378.586982325,-0.962889147922397
135978.525530429,-33.5175300482661
98223.6927650876,9.2107696691528
122033.321560466,4.81044228654355
151594.882448454,-23.0492048664019
127374.462814302,-13.4124245028943
95818.5657868115,-22.5936448667198
97063.7339602763,-9.08741087187082
154822.740925783,36.6142194950953
166121.838245503,-45.7539024529979
129217.106397359,-33.2007976481691
105758.022334891,-24.8903087805957
130688.869157565,33.9323247550055
87548.5766869214,0.944167841225863
192652.873792343,45.711594959721
182868.257554871,-47.4409934366122
132576.381494086,35.1603209041059
109319.17374007,-12.0555547298864
161822.959933237,-43.3626816840842
100752.425365663,16.8944630306214
152229.018759254,-49.3323716334999
71424.4670626986,-7.17050365637988
148873.646199878,-41.8022418161854
131279.677128196,28.2352290349081
187394.188972207,-47.5855357479304
181773.506802471,-42.8833920275792
171502.25036969,40.3344698483124
128701.144534674,30.301102460362
124942.167260147,39.1414385521784
131906.362081877,9.30585192982107
92716.7134123883,4.20909353997558
128696.984853935,32.2907585417852
104747.945973873,16.717739473097
72319.6585510435,15.0085802888498
128449.660907007,18.2710508117452
113517.476855088,20.2844759915024
128469.859429654,-31.2975672539324
148350.41806647,-21.6884395107627
140825.7817079,-32.0192600833252
149583.700998795,-40.5370996566489
134324.942515928,-8.13562746625394
71139.0380962032,-7.51572395674884
138854.169615426,18.8348087016493
146237.411764401,35.795044596307
108993.044114337,-27.7267425321043
172664.257825705,-47.9505827184767
120547.715141849,7.50149772502482
125334.694225392,30.4691883735359
109784.213780459,-25.4685454303399
108249.354132744,1.55523999128491
94526.641619707,7.6532244682312
153156.019153704,31.4485132461414
173431.815568172,-35.9049091581255
159871.360910764,9.82703936751932
98043.6386411845,-27.1359200822189
102262.623061392,-11.5802641957998
103446.874367642,20.4606811050326
165276.471725332,-39.5325033692643
126954.98588952,21.2179912487045
141407.424615447,-20.5014473292977
76129.485625058,-2.07910768222064
140458.59158511,18.3546283980832
126469.647239867,-20.3409732552245
95131.0255837577,16.8557005468756
123706.785944744,19.1237460123375
153905.266826022,-27.9741930775344
85562.4442457874,-17.1722002327442
115700.352208887,-6.14671895746142
113504.716456769,-22.9739656439051
172223.584773452,45.011073932983
117821.823329642,24.4347213767469
140721.005742012,34.7243458265439
140591.727933398,-30.3415543632582
156241.43904223,-43.6916625825688
174137.527214306,47.9785781353712
132482.906544154,27.6373659959063
87226.4628673749,24.8811458004639
97061.9712576842,7.06844271626323
100388.062970442,-22.2154514398426
94214.6614199413,-2.01099358964711
107562.421516716,25.7999354740605
98374.3638514466,22.8946664370596
132659.195318892,-25.6383898435161
146887.908387968,-33.0659533618018
